unique_id,model,MAE
hotel_0,Naive,0.1947089947089947
hotel_0,SeasonalNaive,0.21428571428571427
hotel_0,AutoETS,0.19603212961630628
hotel_0,AutoARIMA,0.17383222415943145
hotel_0,xgboost,0.11748910954179374
hotel_0,NBEATS,0.1992141427974852
hotel_0,NHITS,0.17001349375676855
hotel_105,Naive,0.12003593890386341
hotel_105,SeasonalNaive,0.10530098831985625
hotel_105,AutoETS,0.10714308079334321
hotel_105,AutoARIMA,0.10516143387676072
hotel_105,xgboost,0.09773148620385688
hotel_105,NBEATS,0.16552187132465873
hotel_105,NHITS,0.1368350865036544
hotel_112,Naive,0.14125
hotel_112,SeasonalNaive,0.11357142857142857
hotel_112,AutoETS,0.1036604753717669
hotel_112,AutoARIMA,0.09104203836174807
hotel_112,xgboost,0.10898604316370829
hotel_112,NBEATS,0.10637763491698674
hotel_112,NHITS,0.11911686650344304
hotel_126,Naive,0.03551508252703471
hotel_126,SeasonalNaive,0.046215139442231074
hotel_126,AutoETS,0.03730894728612922
hotel_126,AutoARIMA,0.05244690526213668
hotel_126,xgboost,0.06280403575676032
hotel_126,NBEATS,0.09836085569505741
hotel_126,NHITS,0.0721360595747362
hotel_133,Naive,0.10749414519906324
hotel_133,SeasonalNaive,0.10725995316159251
hotel_133,AutoETS,0.09973865761382197
hotel_133,AutoARIMA,0.1132854918623804
hotel_133,xgboost,0.10322367091787504
hotel_133,NBEATS,0.18491342221964716
hotel_133,NHITS,0.19197754648097504
hotel_14,Naive,0.15026954177897575
hotel_14,SeasonalNaive,0.11859838274932614
hotel_14,AutoETS,0.11928733688477
hotel_14,AutoARIMA,0.1108214531941582
hotel_14,xgboost,0.09370092357988306
hotel_14,NBEATS,0.12295609663197936
hotel_14,NHITS,0.12318539115778519
hotel_21,Naive,0.02999338624338624
hotel_21,SeasonalNaive,0.0462632275132275
hotel_21,AutoETS,0.029228910199067367
hotel_21,AutoARIMA,0.0376106771848339
hotel_21,xgboost,0.038644341958893665
hotel_21,NBEATS,0.057461585222728664
hotel_21,NHITS,0.04145447454124532
hotel_28,Naive,0.00880952380952381
hotel_28,SeasonalNaive,0.00880952380952381
hotel_28,AutoETS,0.00880952380962871
hotel_28,AutoARIMA,0.043914372345287854
hotel_28,xgboost,0.017225998559654163
hotel_28,NBEATS,0.0822275043775638
hotel_28,NHITS,0.02900598479218648
hotel_35,Naive,0.1664760044642857
hotel_35,SeasonalNaive,0.16823381696428572
hotel_35,AutoETS,0.1659857787212462
hotel_35,AutoARIMA,0.16784512374123997
hotel_35,xgboost,0.09298487305641175
hotel_35,NBEATS,0.15567941346338818
hotel_35,NHITS,0.1939416455371039
hotel_42,Naive,0.2825621746674378
hotel_42,SeasonalNaive,0.29170040485829957
hotel_42,AutoETS,0.25616746952528785
hotel_42,AutoARIMA,0.21950733629854907
hotel_42,xgboost,0.18693390842667199
hotel_42,NBEATS,0.25067713339939635
hotel_42,NHITS,0.26276286864915016
hotel_49,Naive,0.09831565814098567
hotel_49,SeasonalNaive,0.09320024953212727
hotel_49,AutoETS,0.09571111618368705
hotel_49,AutoARIMA,0.08140191134015934
hotel_49,xgboost,0.08969754941264167
hotel_49,NBEATS,0.11703722195854352
hotel_49,NHITS,0.12665135004858036
hotel_56,Naive,0.06089285714285716
hotel_56,SeasonalNaive,0.06244047619047619
hotel_56,AutoETS,0.05863071127427942
hotel_56,AutoARIMA,0.06818890474189974
hotel_56,xgboost,0.05005770856425876
hotel_56,NBEATS,0.07638406543504624
hotel_56,NHITS,0.06830062315577552
hotel_63,Naive,0.1737142857142857
hotel_63,SeasonalNaive,0.17936507936507934
hotel_63,AutoETS,0.1631987145072817
hotel_63,AutoARIMA,0.1612815913064165
hotel_63,xgboost,0.13102667737953247
hotel_63,NBEATS,0.16490092586524902
hotel_63,NHITS,0.13746098777982924
hotel_7,Naive,0.18206142391810143
hotel_7,SeasonalNaive,0.1419962773382969
hotel_7,AutoETS,0.18164087940087978
hotel_7,AutoARIMA,0.1530099941244996
hotel_7,xgboost,0.17031047000697516
hotel_7,NBEATS,0.1443770572945316
hotel_7,NHITS,0.16515254001733368
hotel_70,Naive,0.06466165413533835
hotel_70,SeasonalNaive,0.10983709273182958
hotel_70,AutoETS,0.27153034102233514
hotel_70,AutoARIMA,0.09296976348323543
hotel_70,xgboost,0.08820439840020391
hotel_70,NBEATS,0.14190413069568183
hotel_70,NHITS,0.13919453139984073
hotel_77,Naive,0.002560883755962842
hotel_77,SeasonalNaive,0.0014812955059000754
hotel_77,AutoETS,0.00256145529188284
hotel_77,AutoARIMA,0.002113554123040371
hotel_77,xgboost,
hotel_77,NBEATS,0.10193900501510088
hotel_77,NHITS,0.03971814093089511
hotel_84,Naive,0.15165595650024719
hotel_84,SeasonalNaive,0.15748887790410282
hotel_84,AutoETS,0.15211321783059642
hotel_84,AutoARIMA,0.14791517202507526
hotel_84,xgboost,0.11328987307069448
hotel_84,NBEATS,0.26847154640040655
hotel_84,NHITS,0.229637184221292
hotel_91,Naive,0.1595505617977528
hotel_91,SeasonalNaive,0.19357945425361156
hotel_91,AutoETS,0.15009693942311425
hotel_91,AutoARIMA,0.15733858244494445
hotel_91,xgboost,0.14815827751858085
hotel_91,NBEATS,0.15157994840587122
hotel_91,NHITS,0.13856197015096824
hotel_98,Naive,0.1846774193548387
hotel_98,SeasonalNaive,0.1476958525345622
hotel_98,AutoETS,0.18467536795276704
hotel_98,AutoARIMA,0.14582347819757654
hotel_98,xgboost,0.1477201289896454
hotel_98,NBEATS,0.16258951343149633
hotel_98,NHITS,0.1505433438594715
